CHAVE DE ACESSO,MODELO,SÉRIE,NÚMERO,NATUREZA DA OPERAÇÃO,DATA EMISSÃO,CPF/CNPJ Emitente,RAZÃO SOCIAL EMITENTE,INSCRIÇÃO ESTADUAL EMITENTE,UF EMITENTE,MUNICÍPIO EMITENTE,CNPJ DESTINATÁRIO,NOME DESTINATÁRIO,UF DESTINATÁRIO,INDICADOR IE DESTINATÁRIO,DESTINO DA OPERAÇÃO,CONSUMIDOR FINAL,PRESENÇA DO COMPRADOR,NÚMERO PRODUTO,DESCRIÇÃO DO PRODUTO/SERVIÇO,CÓDIGO NCM/SH,NCM/SH (TIPO DE PRODUTO),CFOP,QUANTIDADE,UNIDADE,VALOR UNITÁRIO,VALOR TOTAL
24020116828124205781822019597778659028036536,55 - NF-E EMITIDA EM SUBSTITUIÇÃO AO MODELO 1 OU 1A,890,2600094,S,2024-02-19 01:05:07,***.152.402-**,ANTONIO DE PAIVA COSTA,-1,PA,OBIDOS,5526783000408,"MINISTERIO DO DESENVOLVIMENTO SOCIAL, FAMILIA E COMBATE A FO",DF,NÃO CONTRIBUINTE,2 - OPERAÇÃO INTERESTADUAL,1 - CONSUMIDOR FINAL,0 - NÃO SE APLICA,1,HORTIFRUTICOLAS - CHEIRO VERDE,7099990,"Outros produtos hortícolas, frescos ou refrigerados",6101,188.09,METRO,3.79,712.86
24020116828124205781822019597778659028036536,55 - NF-E EMITIDA EM SUBSTITUIÇÃO AO MODELO 1 OU 1A,890,2600094,S,2024-02-19 01:05:07,***.152.402-**,ANTONIO DE PAIVA COSTA,-1,PA,OBIDOS,5526783000408,"MINISTERIO DO DESENVOLVIMENTO SOCIAL, FAMILIA E COMBATE A FO",DF,NÃO CONTRIBUINTE,2 - OPERAÇÃO INTERESTADUAL,1 - CONSUMIDOR FINAL,0 - NÃO SE APLICA,2,HORTIFRUTICOLAS - ESPINAFRE,7097000,"Espinafres, espinafres-da-nova-zelândia e espinafres gigantes, frescos ou refrigerados",6101,21.29,METRO,7.47,159.04
24020116828124205781822019597778659028036536,55 - NF-E EMITIDA EM SUBSTITUIÇÃO AO MODELO 1 OU 1A,890,2600094,S,2024-02-19 01:05:07,***.152.402-**,ANTONIO DE PAIVA COSTA,-1,PA,OBIDOS,5526783000408,"MINISTERIO DO DESENVOLVIMENTO SOCIAL, FAMILIA E COMBATE A FO",DF,NÃO CONTRIBUINTE,2 - OPERAÇÃO INTERESTADUAL,1 - CONSUMIDOR FINAL,0 - NÃO SE APLICA,3,FEIJAO - FEIJAO QUARENTINHA,7133399,"Outros feijões comuns, secos, em grãos",6101,26.5,KG,11.47,303.96
24020116828124205781822019597778659028036536,55 - NF-E EMITIDA EM SUBSTITUIÇÃO AO MODELO 1 OU 1A,890,2600094,S,2024-02-19 01:05:07,***.152.402-**,ANTONIO DE PAIVA COSTA,-1,PA,OBIDOS,5526783000408,"MINISTERIO DO DESENVOLVIMENTO SOCIAL, FAMILIA E COMBATE A FO",DF,NÃO CONTRIBUINTE,2 - OPERAÇÃO INTERESTADUAL,1 - CONSUMIDOR FINAL,0 - NÃO SE APLICA,4,HORTIFRUTICOLAS - MACAXEIRA,7069000,"Beterrabas, rabanetes e outras raízes, frescas, refrigeradas",6101,90.5,KG,6.01,543.9
24020116828124205781822019597778659028036536,55 - NF-E EMITIDA EM SUBSTITUIÇÃO AO MODELO 1 OU 1A,890,2600094,S,2024-02-19 01:05:07,***.152.402-**,ANTONIO DE PAIVA COSTA,-1,PA,OBIDOS,5526783000408,"MINISTERIO DO DESENVOLVIMENTO SOCIAL, FAMILIA E COMBATE A FO",DF,NÃO CONTRIBUINTE,2 - OPERAÇÃO INTERESTADUAL,1 - CONSUMIDOR FINAL,0 - NÃO SE APLICA,5,HORTIFRUTICOLAS - MEXIXE,7099300,"Abóboras, abobrinhas e cabaças, fresca ou refrigerada",6101,23.17,KG,19.97,462.7
24020134423629923010588251884671062509094586,55 - NF-E EMITIDA EM SUBSTITUIÇÃO AO MODELO 1 OU 1A,0,129832,Outra entrada de mercadoria ou prestacao de servico nao espe,2024-02-07 21:55:35,03605534000130,AVFARMA ASSIST. SERV. FARMACEUTICOS LTDA,77899618,RJ,RIO DE JANEIRO,34023077000280,HOSPITAL UNIVERSITARIO GAFFREE E GUINLE,RJ,CONTRIBUINTE ISENTO,1 - OPERAÇÃO INTERNA,0 - NORMAL,0 - NÃO SE APLICA,1,PERJETA 420 MG SOL INJ ROCHE,30021590,"Outros produtos imunológicos, apresentados em doses ou acondicionados para venda a retalho",1949,1.06,FA,8392.19,8895.72
24020134423629923010588251884671062509094586,55 - NF-E EMITIDA EM SUBSTITUIÇÃO AO MODELO 1 OU 1A,0,129832,Outra entrada de mercadoria ou prestacao de servico nao espe,2024-02-07 21:55:35,03605534000130,AVFARMA ASSIST. SERV. FARMACEUTICOS LTDA,77899618,RJ,RIO DE JANEIRO,34023077000280,HOSPITAL UNIVERSITARIO GAFFREE E GUINLE,RJ,CONTRIBUINTE ISENTO,1 - OPERAÇÃO INTERNA,0 - NORMAL,0 - NÃO SE APLICA,2,BIO MANGUINHOS TRASTUZUMABE 150MG FR,30049099,"Outros medicamentos contendo produtos para fins terapêuticos, etc, doses",1949,2.69,FR,1414.98,3806.3
24020134423629923010588251884671062509094586,55 - NF-E EMITIDA EM SUBSTITUIÇÃO AO MODELO 1 OU 1A,0,129832,Outra entrada de mercadoria ou prestacao de servico nao espe,2024-02-07 21:55:35,03605534000130,AVFARMA ASSIST. SERV. FARMACEUTICOS LTDA,77899618,RJ,RIO DE JANEIRO,34023077000280,HOSPITAL UNIVERSITARIO GAFFREE E GUINLE,RJ,CONTRIBUINTE ISENTO,1 - OPERAÇÃO INTERNA,0 - NORMAL,0 - NÃO SE APLICA,3,B-PLATIN 450 MG PO LIOF BLAU,30049099,"Outros medicamentos contendo produtos para fins terapêuticos, etc, doses",1949,1.14,FA,91.44,104.24
24020134423629923010588251884671062509094586,55 - NF-E EMITIDA EM SUBSTITUIÇÃO AO MODELO 1 OU 1A,0,129832,Outra entrada de mercadoria ou prestacao de servico nao espe,2024-02-07 21:55:35,03605534000130,AVFARMA ASSIST. SERV. FARMACEUTICOS LTDA,77899618,RJ,RIO DE JANEIRO,34023077000280,HOSPITAL UNIVERSITARIO GAFFREE E GUINLE,RJ,CONTRIBUINTE ISENTO,1 - OPERAÇÃO INTERNA,0 - NORMAL,0 - NÃO SE APLICA,4,PACLITAXEL ACCORD 100 MG SOL INJ,30049041,"Medicamentos contendo metoclopramida/cloridrato, etc, em doses",1949,2.46,FA,40.84,100.47
24020134423629923010588251884671062509094586,55 - NF-E EMITIDA EM SUBSTITUIÇÃO AO MODELO 1 OU 1A,0,129832,Outra entrada de mercadoria ou prestacao de servico nao espe,2024-02-07 21:55:35,03605534000130,AVFARMA ASSIST. SERV. FARMACEUTICOS LTDA,77899618,RJ,RIO DE JANEIRO,34023077000280,HOSPITAL UNIVERSITARIO GAFFREE E GUINLE,RJ,CONTRIBUINTE ISENTO,1 - OPERAÇÃO INTERNA,0 - NORMAL,0 - NÃO SE APLICA,5,EQUIPO BOMBA INFUSOMAT PLUS SET AIR IL PCV FREE - 441704PL,90189010,Outros instrumentos e aparelhos para transfusão de sangue ou infusão intravenosa,1949,1.03,UNIDAD,39.49,40.67
24020100873450877388878780841809691589609966,55 - NF-E EMITIDA EM SUBSTITUIÇÃO AO MODELO 1 OU 1A,1,368082,RETORNO DE MATERIAL DEPOSITADO EM ARMAZEM GERAL,2024-02-05 12:02:01,34028316923228,EMPRES BRASILEIRA DE CORREIOS E TELEGRAFOS,112388853119,SP,CAJAMAR,378257000181,FUNDO NACIONAL DE DESENVOLVIMENTO DA EDUCACAO,DF,NÃO CONTRIBUINTE,2 - OPERAÇÃO INTERESTADUAL,1 - CONSUMIDOR FINAL,0 - NÃO SE APLICA,1,2023-ALICE VE-2020,49019900,"Outros livros, brochuras e impressos semelhantes",6906,0.98,UNIDAD,4.14,4.06
24020100873450877388878780841809691589609966,55 - NF-E EMITIDA EM SUBSTITUIÇÃO AO MODELO 1 OU 1A,1,368082,RETORNO DE MATERIAL DEPOSITADO EM ARMAZEM GERAL,2024-02-05 12:02:01,34028316923228,EMPRES BRASILEIRA DE CORREIOS E TELEGRAFOS,112388853119,SP,CAJAMAR,378257000181,FUNDO NACIONAL DE DESENVOLVIMENTO DA EDUCACAO,DF,NÃO CONTRIBUINTE,2 - OPERAÇÃO INTERESTADUAL,1 - CONSUMIDOR FINAL,0 - NÃO SE APLICA,2,2023-O TUPI QUE VOCE FALA-2020,49019900,"Outros livros, brochuras e impressos semelhantes",6906,0.92,UNIDAD,2.25,2.07
24020100873450877388878780841809691589609966,55 - NF-E EMITIDA EM SUBSTITUIÇÃO AO MODELO 1 OU 1A,1,368082,RETORNO DE MATERIAL DEPOSITADO EM ARMAZEM GERAL,2024-02-05 12:02:01,34028316923228,EMPRES BRASILEIRA DE CORREIOS E TELEGRAFOS,112388853119,SP,CAJAMAR,378257000181,FUNDO NACIONAL DE DESENVOLVIMENTO DA EDUCACAO,DF,NÃO CONTRIBUINTE,2 - OPERAÇÃO INTERESTADUAL,1 - CONSUMIDOR FINAL,0 - NÃO SE APLICA,3,2023-O MENINO QUE QUERIA IR-2020,49019900,"Outros livros, brochuras e impressos semelhantes",6906,1.14,UNIDAD,3.75,4.27
24020100873450877388878780841809691589609966,55 - NF-E EMITIDA EM SUBSTITUIÇÃO AO MODELO 1 OU 1A,1,368082,RETORNO DE MATERIAL DEPOSITADO EM ARMAZEM GERAL,2024-02-05 12:02:01,34028316923228,EMPRES BRASILEIRA DE CORREIOS E TELEGRAFOS,112388853119,SP,CAJAMAR,378257000181,FUNDO NACIONAL DE DESENVOLVIMENTO DA EDUCACAO,DF,NÃO CONTRIBUINTE,2 - OPERAÇÃO INTERESTADUAL,1 - CONSUMIDOR FINAL,0 - NÃO SE APLICA,4,2023-ZIM TAM TUM-2020,49019900,"Outros livros, brochuras e impressos semelhantes",6906,0.92,UNIDAD,5.34,4.91
24020100873450877388878780841809691589609966,55 - NF-E EMITIDA EM SUBSTITUIÇÃO AO MODELO 1 OU 1A,1,368082,RETORNO DE MATERIAL DEPOSITADO EM ARMAZEM GERAL,2024-02-05 12:02:01,34028316923228,EMPRES BRASILEIRA DE CORREIOS E TELEGRAFOS,112388853119,SP,CAJAMAR,378257000181,FUNDO NACIONAL DE DESENVOLVIMENTO DA EDUCACAO,DF,NÃO CONTRIBUINTE,2 - OPERAÇÃO INTERESTADUAL,1 - CONSUMIDOR FINAL,0 - NÃO SE APLICA,5,2023-BOLA VERMELHA-2020,49019900,"Outros livros, brochuras e impressos semelhantes",6906,0.92,UNIDAD,3.31,3.05
24020100873450877388878780841809691589609966,55 - NF-E EMITIDA EM SUBSTITUIÇÃO AO MODELO 1 OU 1A,1,368082,RETORNO DE MATERIAL DEPOSITADO EM ARMAZEM GERAL,2024-02-05 12:02:01,34028316923228,EMPRES BRASILEIRA DE CORREIOS E TELEGRAFOS,112388853119,SP,CAJAMAR,378257000181,FUNDO NACIONAL DE DESENVOLVIMENTO DA EDUCACAO,DF,NÃO CONTRIBUINTE,2 - OPERAÇÃO INTERESTADUAL,1 - CONSUMIDOR FINAL,0 - NÃO SE APLICA,6,2023-JA SOU GRANDE OLHA O QUE SEI FAZER-2020,49019900,"Outros livros, brochuras e impressos semelhantes",6906,0.8,UNIDAD,2.35,1.88
24020100873450877388878780841809691589609966,55 - NF-E EMITIDA EM SUBSTITUIÇÃO AO MODELO 1 OU 1A,1,368082,RETORNO DE MATERIAL DEPOSITADO EM ARMAZEM GERAL,2024-02-05 12:02:01,34028316923228,EMPRES BRASILEIRA DE CORREIOS E TELEGRAFOS,112388853119,SP,CAJAMAR,378257000181,FUNDO NACIONAL DE DESENVOLVIMENTO DA EDUCACAO,DF,NÃO CONTRIBUINTE,2 - OPERAÇÃO INTERESTADUAL,1 - CONSUMIDOR FINAL,0 - NÃO SE APLICA,7,2023-MEDO-2020,49019900,"Outros livros, brochuras e impressos semelhantes",6906,0.85,UNIDAD,7.22,6.14
24020100873450877388878780841809691589609966,55 - NF-E EMITIDA EM SUBSTITUIÇÃO AO MODELO 1 OU 1A,1,368082,RETORNO DE MATERIAL DEPOSITADO EM ARMAZEM GERAL,2024-02-05 12:02:01,34028316923228,EMPRES BRASILEIRA DE CORREIOS E TELEGRAFOS,112388853119,SP,CAJAMAR,378257000181,FUNDO NACIONAL DE DESENVOLVIMENTO DA EDUCACAO,DF,NÃO CONTRIBUINTE,2 - OPERAÇÃO INTERESTADUAL,1 - CONSUMIDOR FINAL,0 - NÃO SE APLICA,8,2023-BEM LA NO ALTO-2020,49019900,"Outros livros, brochuras e impressos semelhantes",6906,1.06,UNIDAD,4.48,4.75
24020100873450877388878780841809691589609966,55 - NF-E EMITIDA EM SUBSTITUIÇÃO AO MODELO 1 OU 1A,1,368082,RETORNO DE MATERIAL DEPOSITADO EM ARMAZEM GERAL,2024-02-05 12:02:01,34028316923228,EMPRES BRASILEIRA DE CORREIOS E TELEGRAFOS,112388853119,SP,CAJAMAR,378257000181,FUNDO NACIONAL DE DESENVOLVIMENTO DA EDUCACAO,DF,NÃO CONTRIBUINTE,2 - OPERAÇÃO INTERESTADUAL,1 - CONSUMIDOR FINAL,0 - NÃO SE APLICA,9,2023-BICHINHOS-2020,49019900,"Outros livros, brochuras e impressos semelhantes",6906,1.03,UNIDAD,4.75,4.89
24020100873450877388878780841809691589609966,55 - NF-E EMITIDA EM SUBSTITUIÇÃO AO MODELO 1 OU 1A,1,368082,RETORNO DE MATERIAL DEPOSITADO EM ARMAZEM GERAL,2024-02-05 12:02:01,34028316923228,EMPRES BRASILEIRA DE CORREIOS E TELEGRAFOS,112388853119,SP,CAJAMAR,378257000181,FUNDO NACIONAL DE DESENVOLVIMENTO DA EDUCACAO,DF,NÃO CONTRIBUINTE,2 - OPERAÇÃO INTERESTADUAL,1 - CONSUMIDOR FINAL,0 - NÃO SE APLICA,10,2023-TEM BICHO QUE GOSTA-2020,49019900,"Outros livros, brochuras e impressos semelhantes",6906,1.04,UNIDAD,5.34,5.55
24020100873450877388878780841809691589609966,55 - NF-E EMITIDA EM SUBSTITUIÇÃO AO MODELO 1 OU 1A,1,368082,RETORNO DE MATERIAL DEPOSITADO EM ARMAZEM GERAL,2024-02-05 12:02:01,34028316923228,EMPRES BRASILEIRA DE CORREIOS E TELEGRAFOS,112388853119,SP,CAJAMAR,378257000181,FUNDO NACIONAL DE DESENVOLVIMENTO DA EDUCACAO,DF,NÃO CONTRIBUINTE,2 - OPERAÇÃO INTERESTADUAL,1 - CONSUMIDOR FINAL,0 - NÃO SE APLICA,11,2023-ONDE ESTA A OVELHA VERDE-2020,49019900,"Outros livros, brochuras e impressos semelhantes",6906,1.16,UNIDAD,2.98,3.46
24020100873450877388878780841809691589609966,55 - NF-E EMITIDA EM SUBSTITUIÇÃO AO MODELO 1 OU 1A,1,368082,RETORNO DE MATERIAL DEPOSITADO EM ARMAZEM GERAL,2024-02-05 12:02:01,34028316923228,EMPRES BRASILEIRA DE CORREIOS E TELEGRAFOS,112388853119,SP,CAJAMAR,378257000181,FUNDO NACIONAL DE DESENVOLVIMENTO DA EDUCACAO,DF,NÃO CONTRIBUINTE,2 - OPERAÇÃO INTERESTADUAL,1 - CONSUMIDOR FINAL,0 - NÃO SE APLICA,12,2023-O LIVRO DORME-2020,49019900,"Outros livros, brochuras e impressos semelhantes",6906,1.0,UNIDAD,3.67,3.67
24020100873450877388878780841809691589609966,55 - NF-E EMITIDA EM SUBSTITUIÇÃO AO MODELO 1 OU 1A,1,368082,RETORNO DE MATERIAL DEPOSITADO EM ARMAZEM GERAL,2024-02-05 12:02:01,34028316923228,EMPRES BRASILEIRA DE CORREIOS E TELEGRAFOS,112388853119,SP,CAJAMAR,378257000181,FUNDO NACIONAL DE DESENVOLVIMENTO DA EDUCACAO,DF,NÃO CONTRIBUINTE,2 - OPERAÇÃO INTERESTADUAL,1 - CONSUMIDOR FINAL,0 - NÃO SE APLICA,13,2023-BLIM BLAO-2020,49019900,"Outros livros, brochuras e impressos semelhantes",6906,1.15,UNIDAD,5.54,6.37
24020100873450877388878780841809691589609966,55 - NF-E EMITIDA EM SUBSTITUIÇÃO AO MODELO 1 OU 1A,1,368082,RETORNO DE MATERIAL DEPOSITADO EM ARMAZEM GERAL,2024-02-05 12:02:01,34028316923228,EMPRES BRASILEIRA DE CORREIOS E TELEGRAFOS,112388853119,SP,CAJAMAR,378257000181,FUNDO NACIONAL DE DESENVOLVIMENTO DA EDUCACAO,DF,NÃO CONTRIBUINTE,2 - OPERAÇÃO INTERESTADUAL,1 - CONSUMIDOR FINAL,0 - NÃO SE APLICA,14,2023-A PINTA FUJONA-2020,49019900,"Outros livros, brochuras e impressos semelhantes",6906,0.82,UNIDAD,4.82,3.95
24020100873450877388878780841809691589609966,55 - NF-E EMITIDA EM SUBSTITUIÇÃO AO MODELO 1 OU 1A,1,368082,RETORNO DE MATERIAL DEPOSITADO EM ARMAZEM GERAL,2024-02-05 12:02:01,34028316923228,EMPRES BRASILEIRA DE CORREIOS E TELEGRAFOS,112388853119,SP,CAJAMAR,378257000181,FUNDO NACIONAL DE DESENVOLVIMENTO DA EDUCACAO,DF,NÃO CONTRIBUINTE,2 - OPERAÇÃO INTERESTADUAL,1 - CONSUMIDOR FINAL,0 - NÃO SE APLICA,15,2023-NHAC-2020,49019900,"Outros livros, brochuras e impressos semelhantes",6906,1.03,UNIDAD,7.56,7.79
24020100873450877388878780841809691589609966,55 - NF-E EMITIDA EM SUBSTITUIÇÃO AO MODELO 1 OU 1A,1,368082,RETORNO DE MATERIAL DEPOSITADO EM ARMAZEM GERAL,2024-02-05 12:02:01,34028316923228,EMPRES BRASILEIRA DE CORREIOS E TELEGRAFOS,112388853119,SP,CAJAMAR,378257000181,FUNDO NACIONAL DE DESENVOLVIMENTO DA EDUCACAO,DF,NÃO CONTRIBUINTE,2 - OPERAÇÃO INTERESTADUAL,1 - CONSUMIDOR FINAL,0 - NÃO SE APLICA,16,2023-CACHORROS NAO DANCAM BALE-2020,49019900,"Outros livros, brochuras e impressos semelhantes",6906,0.99,UNIDAD,9.79,9.69
24020100873450877388878780841809691589609966,55 - NF-E EMITIDA EM SUBSTITUIÇÃO AO MODELO 1 OU 1A,1,368082,RETORNO DE MATERIAL DEPOSITADO EM ARMAZEM GERAL,2024-02-05 12:02:01,34028316923228,EMPRES BRASILEIRA DE CORREIOS E TELEGRAFOS,112388853119,SP,CAJAMAR,378257000181,FUNDO NACIONAL DE DESENVOLVIMENTO DA EDUCACAO,DF,NÃO CONTRIBUINTE,2 - OPERAÇÃO INTERESTADUAL,1 - CONSUMIDOR FINAL,0 - NÃO SE APLICA,17,2023-CABE AQUI NA MINHA MAO-2020,49019900,"Outros livros, brochuras e impressos semelhantes",6906,0.94,UNIDAD,8.31,7.81
24020100873450877388878780841809691589609966,55 - NF-E EMITIDA EM SUBSTITUIÇÃO AO MODELO 1 OU 1A,1,368082,RETORNO DE MATERIAL DEPOSITADO EM ARMAZEM GERAL,2024-02-05 12:02:01,34028316923228,EMPRES BRASILEIRA DE CORREIOS E TELEGRAFOS,112388853119,SP,CAJAMAR,378257000181,FUNDO NACIONAL DE DESENVOLVIMENTO DA EDUCACAO,DF,NÃO CONTRIBUINTE,2 - OPERAÇÃO INTERESTADUAL,1 - CONSUMIDOR FINAL,0 - NÃO SE APLICA,18,2023-RIMARINHAS-2020,49019900,"Outros livros, brochuras e impressos semelhantes",6906,1.18,UNIDAD,6.75,7.96
24020100873450877388878780841809691589609966,55 - NF-E EMITIDA EM SUBSTITUIÇÃO AO MODELO 1 OU 1A,1,368082,RETORNO DE MATERIAL DEPOSITADO EM ARMAZEM GERAL,2024-02-05 12:02:01,34028316923228,EMPRES BRASILEIRA DE CORREIOS E TELEGRAFOS,112388853119,SP,CAJAMAR,378257000181,FUNDO NACIONAL DE DESENVOLVIMENTO DA EDUCACAO,DF,NÃO CONTRIBUINTE,2 - OPERAÇÃO INTERESTADUAL,1 - CONSUMIDOR FINAL,0 - NÃO SE APLICA,19,2023-PACA TATU CUTIA SIM-2020,49019900,"Outros livros, brochuras e impressos semelhantes",6906,1.08,UNIDAD,4.78,5.16
24020100873450877388878780841809691589609966,55 - NF-E EMITIDA EM SUBSTITUIÇÃO AO MODELO 1 OU 1A,1,368082,RETORNO DE MATERIAL DEPOSITADO EM ARMAZEM GERAL,2024-02-05 12:02:01,34028316923228,EMPRES BRASILEIRA DE CORREIOS E TELEGRAFOS,112388853119,SP,CAJAMAR,378257000181,FUNDO NACIONAL DE DESENVOLVIMENTO DA EDUCACAO,DF,NÃO CONTRIBUINTE,2 - OPERAÇÃO INTERESTADUAL,1 - CONSUMIDOR FINAL,0 - NÃO SE APLICA,20,2023-PEQUENO DICIONARIO DE COISAS BOAS BONITAS E GOSTOSAS-2020,49019900,"Outros livros, brochuras e impressos semelhantes",6906,0.82,UNIDAD,7.64,6.26
24020100873450877388878780841809691589609966,55 - NF-E EMITIDA EM SUBSTITUIÇÃO AO MODELO 1 OU 1A,1,368082,RETORNO DE MATERIAL DEPOSITADO EM ARMAZEM GERAL,2024-02-05 12:02:01,34028316923228,EMPRES BRASILEIRA DE CORREIOS E TELEGRAFOS,112388853119,SP,CAJAMAR,378257000181,FUNDO NACIONAL DE DESENVOLVIMENTO DA EDUCACAO,DF,NÃO CONTRIBUINTE,2 - OPERAÇÃO INTERESTADUAL,1 - CONSUMIDOR FINAL,0 - NÃO SE APLICA,21,2023-VO PARA DE FOTOGRAFAR-2020,49019900,"Outros livros, brochuras e impressos semelhantes",6906,1.09,UNIDAD,4.93,5.37
24020100873450877388878780841809691589609966,55 - NF-E EMITIDA EM SUBSTITUIÇÃO AO MODELO 1 OU 1A,1,368082,RETORNO DE MATERIAL DEPOSITADO EM ARMAZEM GERAL,2024-02-05 12:02:01,34028316923228,EMPRES BRASILEIRA DE CORREIOS E TELEGRAFOS,112388853119,SP,CAJAMAR,378257000181,FUNDO NACIONAL DE DESENVOLVIMENTO DA EDUCACAO,DF,NÃO CONTRIBUINTE,2 - OPERAÇÃO INTERESTADUAL,1 - CONSUMIDOR FINAL,0 - NÃO SE APLICA,22,2023-MARCO QUERIA DORMIR-2020,49019900,"Outros livros, brochuras e impressos semelhantes",6906,0.94,UNIDAD,2.49,2.34
24020100873450877388878780841809691589609966,55 - NF-E EMITIDA EM SUBSTITUIÇÃO AO MODELO 1 OU 1A,1,368082,RETORNO DE MATERIAL DEPOSITADO EM ARMAZEM GERAL,2024-02-05 12:02:01,34028316923228,EMPRES BRASILEIRA DE CORREIOS E TELEGRAFOS,112388853119,SP,CAJAMAR,378257000181,FUNDO NACIONAL DE DESENVOLVIMENTO DA EDUCACAO,DF,NÃO CONTRIBUINTE,2 - OPERAÇÃO INTERESTADUAL,1 - CONSUMIDOR FINAL,0 - NÃO SE APLICA,23,2023-TO INDO-2020,49019900,"Outros livros, brochuras e impressos semelhantes",6906,0.88,UNIDAD,5.47,4.81
24020100873450877388878780841809691589609966,55 - NF-E EMITIDA EM SUBSTITUIÇÃO AO MODELO 1 OU 1A,1,368082,RETORNO DE MATERIAL DEPOSITADO EM ARMAZEM GERAL,2024-02-05 12:02:01,34028316923228,EMPRES BRASILEIRA DE CORREIOS E TELEGRAFOS,112388853119,SP,CAJAMAR,378257000181,FUNDO NACIONAL DE DESENVOLVIMENTO DA EDUCACAO,DF,NÃO CONTRIBUINTE,2 - OPERAÇÃO INTERESTADUAL,1 - CONSUMIDOR FINAL,0 - NÃO SE APLICA,24,2023-COME MENINO-2020,49019900,"Outros livros, brochuras e impressos semelhantes",6906,1.04,UNIDAD,3.62,3.76
24020100873450877388878780841809691589609966,55 - NF-E EMITIDA EM SUBSTITUIÇÃO AO MODELO 1 OU 1A,1,368082,RETORNO DE MATERIAL DEPOSITADO EM ARMAZEM GERAL,2024-02-05 12:02:01,34028316923228,EMPRES BRASILEIRA DE CORREIOS E TELEGRAFOS,112388853119,SP,CAJAMAR,378257000181,FUNDO NACIONAL DE DESENVOLVIMENTO DA EDUCACAO,DF,NÃO CONTRIBUINTE,2 - OPERAÇÃO INTERESTADUAL,1 - CONSUMIDOR FINAL,0 - NÃO SE APLICA,25,2023-QUAL E O MONSTRO-2020,49019900,"Outros livros, brochuras e impressos semelhantes",6906,1.18,UNIDAD,7.54,8.9
24020100873450877388878780841809691589609966,55 - NF-E EMITIDA EM SUBSTITUIÇÃO AO MODELO 1 OU 1A,1,368082,RETORNO DE MATERIAL DEPOSITADO EM ARMAZEM GERAL,2024-02-05 12:02:01,34028316923228,EMPRES BRASILEIRA DE CORREIOS E TELEGRAFOS,112388853119,SP,CAJAMAR,378257000181,FUNDO NACIONAL DE DESENVOLVIMENTO DA EDUCACAO,DF,NÃO CONTRIBUINTE,2 - OPERAÇÃO INTERESTADUAL,1 - CONSUMIDOR FINAL,0 - NÃO SE APLICA,26,2023-CADE O PINTINHO-2020,49019900,"Outros livros, brochuras e impressos semelhantes",6906,0.98,UNIDAD,7.3,7.15
24020100873450877388878780841809691589609966,55 - NF-E EMITIDA EM SUBSTITUIÇÃO AO MODELO 1 OU 1A,1,368082,RETORNO DE MATERIAL DEPOSITADO EM ARMAZEM GERAL,2024-02-05 12:02:01,34028316923228,EMPRES BRASILEIRA DE CORREIOS E TELEGRAFOS,112388853119,SP,CAJAMAR,378257000181,FUNDO NACIONAL DE DESENVOLVIMENTO DA EDUCACAO,DF,NÃO CONTRIBUINTE,2 - OPERAÇÃO INTERESTADUAL,1 - CONSUMIDOR FINAL,0 - NÃO SE APLICA,27,2023-PE DE BICHO-2020,49019900,"Outros livros, brochuras e impressos semelhantes",6906,1.15,UNIDAD,6.5,7.47
24020100873450877388878780841809691589609966,55 - NF-E EMITIDA EM SUBSTITUIÇÃO AO MODELO 1 OU 1A,1,368082,RETORNO DE MATERIAL DEPOSITADO EM ARMAZEM GERAL,2024-02-05 12:02:01,34028316923228,EMPRES BRASILEIRA DE CORREIOS E TELEGRAFOS,112388853119,SP,CAJAMAR,378257000181,FUNDO NACIONAL DE DESENVOLVIMENTO DA EDUCACAO,DF,NÃO CONTRIBUINTE,2 - OPERAÇÃO INTERESTADUAL,1 - CONSUMIDOR FINAL,0 - NÃO SE APLICA,28,2023-GATO PRA CA RATO PRA LA-2020,49019900,"Outros livros, brochuras e impressos semelhantes",6906,1.03,UNIDAD,5.54,5.71
24020100873450877388878780841809691589609966,55 - NF-E EMITIDA EM SUBSTITUIÇÃO AO MODELO 1 OU 1A,1,368082,RETORNO DE MATERIAL DEPOSITADO EM ARMAZEM GERAL,2024-02-05 12:02:01,34028316923228,EMPRES BRASILEIRA DE CORREIOS E TELEGRAFOS,112388853119,SP,CAJAMAR,378257000181,FUNDO NACIONAL DE DESENVOLVIMENTO DA EDUCACAO,DF,NÃO CONTRIBUINTE,2 - OPERAÇÃO INTERESTADUAL,1 - CONSUMIDOR FINAL,0 - NÃO SE APLICA,29,2024-QUE BICHO ENGRACADO-2021,49019900,"Outros livros, brochuras e impressos semelhantes",6906,0.95,UNIDAD,5.16,4.9
24020100873450877388878780841809691589609966,55 - NF-E EMITIDA EM SUBSTITUIÇÃO AO MODELO 1 OU 1A,1,368082,RETORNO DE MATERIAL DEPOSITADO EM ARMAZEM GERAL,2024-02-05 12:02:01,34028316923228,EMPRES BRASILEIRA DE CORREIOS E TELEGRAFOS,112388853119,SP,CAJAMAR,378257000181,FUNDO NACIONAL DE DESENVOLVIMENTO DA EDUCACAO,DF,NÃO CONTRIBUINTE,2 - OPERAÇÃO INTERESTADUAL,1 - CONSUMIDOR FINAL,0 - NÃO SE APLICA,30,2023-O BUFALO QUE SO QUERIA FICAR ABRACADO-2020,49019900,"Outros livros, brochuras e impressos semelhantes",6906,1.11,UNIDAD,6.06,6.73
24020100873450877388878780841809691589609966,55 - NF-E EMITIDA EM SUBSTITUIÇÃO AO MODELO 1 OU 1A,1,368082,RETORNO DE MATERIAL DEPOSITADO EM ARMAZEM GERAL,2024-02-05 12:02:01,34028316923228,EMPRES BRASILEIRA DE CORREIOS E TELEGRAFOS,112388853119,SP,CAJAMAR,378257000181,FUNDO NACIONAL DE DESENVOLVIMENTO DA EDUCACAO,DF,NÃO CONTRIBUINTE,2 - OPERAÇÃO INTERESTADUAL,1 - CONSUMIDOR FINAL,0 - NÃO SE APLICA,31,2023-XIII ACABOU A LUZ-2020,49019900,"Outros livros, brochuras e impressos semelhantes",6906,1.14,UNIDAD,5.09,5.8
24020100873450877388878780841809691589609966,55 - NF-E EMITIDA EM SUBSTITUIÇÃO AO MODELO 1 OU 1A,1,368082,RETORNO DE MATERIAL DEPOSITADO EM ARMAZEM GERAL,2024-02-05 12:02:01,34028316923228,EMPRES BRASILEIRA DE CORREIOS E TELEGRAFOS,112388853119,SP,CAJAMAR,378257000181,FUNDO NACIONAL DE DESENVOLVIMENTO DA EDUCACAO,DF,NÃO CONTRIBUINTE,2 - OPERAÇÃO INTERESTADUAL,1 - CONSUMIDOR FINAL,0 - NÃO SE APLICA,32,2023-PROCURA SE CARLINHOS COELHO LADRAO DE LIVROS-2020,49019900,"Outros livros, brochuras e impressos semelhantes",6906,1.03,UNIDAD,4.24,4.37
24020100873450877388878780841809691589609966,55 - NF-E EMITIDA EM SUBSTITUIÇÃO AO MODELO 1 OU 1A,1,368082,RETORNO DE MATERIAL DEPOSITADO EM ARMAZEM GERAL,2024-02-05 12:02:01,34028316923228,EMPRES BRASILEIRA DE CORREIOS E TELEGRAFOS,112388853119,SP,CAJAMAR,378257000181,FUNDO NACIONAL DE DESENVOLVIMENTO DA EDUCACAO,DF,NÃO CONTRIBUINTE,2 - OPERAÇÃO INTERESTADUAL,1 - CONSUMIDOR FINAL,0 - NÃO SE APLICA,33,2023-DE PEDACO EM PEDACO-2020,49019900,"Outros livros, brochuras e impressos semelhantes",6906,1.0,UNIDAD,5.0,5.0
24020100873450877388878780841809691589609966,55 - NF-E EMITIDA EM SUBSTITUIÇÃO AO MODELO 1 OU 1A,1,368082,RETORNO DE MATERIAL DEPOSITADO EM ARMAZEM GERAL,2024-02-05 12:02:01,34028316923228,EMPRES BRASILEIRA DE CORREIOS E TELEGRAFOS,112388853119,SP,CAJAMAR,378257000181,FUNDO NACIONAL DE DESENVOLVIMENTO DA EDUCACAO,DF,NÃO CONTRIBUINTE,2 - OPERAÇÃO INTERESTADUAL,1 - CONSUMIDOR FINAL,0 - NÃO SE APLICA,34,2023-A LINHA-2020,49019900,"Outros livros, brochuras e impressos semelhantes",6906,1.19,UNIDAD,4.6,5.47
24020100873450877388878780841809691589609966,55 - NF-E EMITIDA EM SUBSTITUIÇÃO AO MODELO 1 OU 1A,1,368082,RETORNO DE MATERIAL DEPOSITADO EM ARMAZEM GERAL,2024-02-05 12:02:01,34028316923228,EMPRES BRASILEIRA DE CORREIOS E TELEGRAFOS,112388853119,SP,CAJAMAR,378257000181,FUNDO NACIONAL DE DESENVOLVIMENTO DA EDUCACAO,DF,NÃO CONTRIBUINTE,2 - OPERAÇÃO INTERESTADUAL,1 - CONSUMIDOR FINAL,0 - NÃO SE APLICA,35,2023-A GRALHA-2020,49019900,"Outros livros, brochuras e impressos semelhantes",6906,0.98,UNIDAD,6.62,6.49
24020100873450877388878780841809691589609966,55 - NF-E EMITIDA EM SUBSTITUIÇÃO AO MODELO 1 OU 1A,1,368082,RETORNO DE MATERIAL DEPOSITADO EM ARMAZEM GERAL,2024-02-05 12:02:01,34028316923228,EMPRES BRASILEIRA DE CORREIOS E TELEGRAFOS,112388853119,SP,CAJAMAR,378257000181,FUNDO NACIONAL DE DESENVOLVIMENTO DA EDUCACAO,DF,NÃO CONTRIBUINTE,2 - OPERAÇÃO INTERESTADUAL,1 - CONSUMIDOR FINAL,0 - NÃO SE APLICA,36,2023-A AGUIA E A CURUJA-2020,49019900,"Outros livros, brochuras e impressos semelhantes",6906,1.11,UNIDAD,4.13,4.58
24020100873450877388878780841809691589609966,55 - NF-E EMITIDA EM SUBSTITUIÇÃO AO MODELO 1 OU 1A,1,368082,RETORNO DE MATERIAL DEPOSITADO EM ARMAZEM GERAL,2024-02-05 12:02:01,34028316923228,EMPRES BRASILEIRA DE CORREIOS E TELEGRAFOS,112388853119,SP,CAJAMAR,378257000181,FUNDO NACIONAL DE DESENVOLVIMENTO DA EDUCACAO,DF,NÃO CONTRIBUINTE,2 - OPERAÇÃO INTERESTADUAL,1 - CONSUMIDOR FINAL,0 - NÃO SE APLICA,37,2023-TOTO E OTTO-2020,49019900,"Outros livros, brochuras e impressos semelhantes",6906,1.12,UNIDAD,2.33,2.61
24020100873450877388878780841809691589609966,55 - NF-E EMITIDA EM SUBSTITUIÇÃO AO MODELO 1 OU 1A,1,368082,RETORNO DE MATERIAL DEPOSITADO EM ARMAZEM GERAL,2024-02-05 12:02:01,34028316923228,EMPRES BRASILEIRA DE CORREIOS E TELEGRAFOS,112388853119,SP,CAJAMAR,378257000181,FUNDO NACIONAL DE DESENVOLVIMENTO DA EDUCACAO,DF,NÃO CONTRIBUINTE,2 - OPERAÇÃO INTERESTADUAL,1 - CONSUMIDOR FINAL,0 - NÃO SE APLICA,38,2023-O ANIVERSARIO DO DINOSSAURO-2020,49019900,"Outros livros, brochuras e impressos semelhantes",6906,0.86,UNIDAD,5.29,4.55
24020100873450877388878780841809691589609966,55 - NF-E EMITIDA EM SUBSTITUIÇÃO AO MODELO 1 OU 1A,1,368082,RETORNO DE MATERIAL DEPOSITADO EM ARMAZEM GERAL,2024-02-05 12:02:01,34028316923228,EMPRES BRASILEIRA DE CORREIOS E TELEGRAFOS,112388853119,SP,CAJAMAR,378257000181,FUNDO NACIONAL DE DESENVOLVIMENTO DA EDUCACAO,DF,NÃO CONTRIBUINTE,2 - OPERAÇÃO INTERESTADUAL,1 - CONSUMIDOR FINAL,0 - NÃO SE APLICA,39,2023-ESTOU PERDENDO O MEU CORPO-2020,49019900,"Outros livros, brochuras e impressos semelhantes",6906,1.08,UNIDAD,5.63,6.08
24020100873450877388878780841809691589609966,55 - NF-E EMITIDA EM SUBSTITUIÇÃO AO MODELO 1 OU 1A,1,368082,RETORNO DE MATERIAL DEPOSITADO EM ARMAZEM GERAL,2024-02-05 12:02:01,34028316923228,EMPRES BRASILEIRA DE CORREIOS E TELEGRAFOS,112388853119,SP,CAJAMAR,378257000181,FUNDO NACIONAL DE DESENVOLVIMENTO DA EDUCACAO,DF,NÃO CONTRIBUINTE,2 - OPERAÇÃO INTERESTADUAL,1 - CONSUMIDOR FINAL,0 - NÃO SE APLICA,40,2023-A NOITE-2020,49019900,"Outros livros, brochuras e impressos semelhantes",6906,0.99,UNIDAD,5.38,5.33
24020100873450877388878780841809691589609966,55 - NF-E EMITIDA EM SUBSTITUIÇÃO AO MODELO 1 OU 1A,1,368082,RETORNO DE MATERIAL DEPOSITADO EM ARMAZEM GERAL,2024-02-05 12:02:01,34028316923228,EMPRES BRASILEIRA DE CORREIOS E TELEGRAFOS,112388853119,SP,CAJAMAR,378257000181,FUNDO NACIONAL DE DESENVOLVIMENTO DA EDUCACAO,DF,NÃO CONTRIBUINTE,2 - OPERAÇÃO INTERESTADUAL,1 - CONSUMIDOR FINAL,0 - NÃO SE APLICA,41,2023-CURUMIM-2020,49019900,"Outros livros, brochuras e impressos semelhantes",6906,1.17,UNIDAD,4.83,5.65
24020100873450877388878780841809691589609966,55 - NF-E EMITIDA EM SUBSTITUIÇÃO AO MODELO 1 OU 1A,1,368082,RETORNO DE MATERIAL DEPOSITADO EM ARMAZEM GERAL,2024-02-05 12:02:01,34028316923228,EMPRES BRASILEIRA DE CORREIOS E TELEGRAFOS,112388853119,SP,CAJAMAR,378257000181,FUNDO NACIONAL DE DESENVOLVIMENTO DA EDUCACAO,DF,NÃO CONTRIBUINTE,2 - OPERAÇÃO INTERESTADUAL,1 - CONSUMIDOR FINAL,0 - NÃO SE APLICA,42,2023-EU-2020,49019900,"Outros livros, brochuras e impressos semelhantes",6906,0.88,UNIDAD,10.8,9.5
24020100873450877388878780841809691589609966,55 - NF-E EMITIDA EM SUBSTITUIÇÃO AO MODELO 1 OU 1A,1,368082,RETORNO DE MATERIAL DEPOSITADO EM ARMAZEM GERAL,2024-02-05 12:02:01,34028316923228,EMPRES BRASILEIRA DE CORREIOS E TELEGRAFOS,112388853119,SP,CAJAMAR,378257000181,FUNDO NACIONAL DE DESENVOLVIMENTO DA EDUCACAO,DF,NÃO CONTRIBUINTE,2 - OPERAÇÃO INTERESTADUAL,1 - CONSUMIDOR FINAL,0 - NÃO SE APLICA,43,2023-O CIRCO-2020,49019900,"Outros livros, brochuras e impressos semelhantes",6906,0.87,UNIDAD,5.63,4.9
24020100873450877388878780841809691589609966,55 - NF-E EMITIDA EM SUBSTITUIÇÃO AO MODELO 1 OU 1A,1,368082,RETORNO DE MATERIAL DEPOSITADO EM ARMAZEM GERAL,2024-02-05 12:02:01,34028316923228,EMPRES BRASILEIRA DE CORREIOS E TELEGRAFOS,112388853119,SP,CAJAMAR,378257000181,FUNDO NACIONAL DE DESENVOLVIMENTO DA EDUCACAO,DF,NÃO CONTRIBUINTE,2 - OPERAÇÃO INTERESTADUAL,1 - CONSUMIDOR FINAL,0 - NÃO SE APLICA,44,2023-ESTE E O LOBO-2020,49019900,"Outros livros, brochuras e impressos semelhantes",6906,0.9,UNIDAD,7.54,6.79
24020100873450877388878780841809691589609966,55 - NF-E EMITIDA EM SUBSTITUIÇÃO AO MODELO 1 OU 1A,1,368082,RETORNO DE MATERIAL DEPOSITADO EM ARMAZEM GERAL,2024-02-05 12:02:01,34028316923228,EMPRES BRASILEIRA DE CORREIOS E TELEGRAFOS,112388853119,SP,CAJAMAR,378257000181,FUNDO NACIONAL DE DESENVOLVIMENTO DA EDUCACAO,DF,NÃO CONTRIBUINTE,2 - OPERAÇÃO INTERESTADUAL,1 - CONSUMIDOR FINAL,0 - NÃO SE APLICA,45,2023-QUERO COLO-2020,49019900,"Outros livros, brochuras e impressos semelhantes",6906,1.06,UNIDAD,4.88,5.17
24020100873450877388878780841809691589609966,55 - NF-E EMITIDA EM SUBSTITUIÇÃO AO MODELO 1 OU 1A,1,368082,RETORNO DE MATERIAL DEPOSITADO EM ARMAZEM GERAL,2024-02-05 12:02:01,34028316923228,EMPRES BRASILEIRA DE CORREIOS E TELEGRAFOS,112388853119,SP,CAJAMAR,378257000181,FUNDO NACIONAL DE DESENVOLVIMENTO DA EDUCACAO,DF,NÃO CONTRIBUINTE,2 - OPERAÇÃO INTERESTADUAL,1 - CONSUMIDOR FINAL,0 - NÃO SE APLICA,46,2023-ASSIM COMO VOCE-2020,49019900,"Outros livros, brochuras e impressos semelhantes",6906,0.98,UNIDAD,4.23,4.15
24020100873450877388878780841809691589609966,55 - NF-E EMITIDA EM SUBSTITUIÇÃO AO MODELO 1 OU 1A,1,368082,RETORNO DE MATERIAL DEPOSITADO EM ARMAZEM GERAL,2024-02-05 12:02:01,34028316923228,EMPRES BRASILEIRA DE CORREIOS E TELEGRAFOS,112388853119,SP,CAJAMAR,378257000181,FUNDO NACIONAL DE DESENVOLVIMENTO DA EDUCACAO,DF,NÃO CONTRIBUINTE,2 - OPERAÇÃO INTERESTADUAL,1 - CONSUMIDOR FINAL,0 - NÃO SE APLICA,47,2023-O GATO VIU-2020,49019900,"Outros livros, brochuras e impressos semelhantes",6906,1.07,UNIDAD,10.18,10.89
24020100873450877388878780841809691589609966,55 - NF-E EMITIDA EM SUBSTITUIÇÃO AO MODELO 1 OU 1A,1,368082,RETORNO DE MATERIAL DEPOSITADO EM ARMAZEM GERAL,2024-02-05 12:02:01,34028316923228,EMPRES BRASILEIRA DE CORREIOS E TELEGRAFOS,112388853119,SP,CAJAMAR,378257000181,FUNDO NACIONAL DE DESENVOLVIMENTO DA EDUCACAO,DF,NÃO CONTRIBUINTE,2 - OPERAÇÃO INTERESTADUAL,1 - CONSUMIDOR FINAL,0 - NÃO SE APLICA,48,2023-POUCO POUCO MUITO MUITO-2020,49019900,"Outros livros, brochuras e impressos semelhantes",6906,1.09,UNIDAD,4.68,5.1
24020100873450877388878780841809691589609966,55 - NF-E EMITIDA EM SUBSTITUIÇÃO AO MODELO 1 OU 1A,1,368082,RETORNO DE MATERIAL DEPOSITADO EM ARMAZEM GERAL,2024-02-05 12:02:01,34028316923228,EMPRES BRASILEIRA DE CORREIOS E TELEGRAFOS,112388853119,SP,CAJAMAR,378257000181,FUNDO NACIONAL DE DESENVOLVIMENTO DA EDUCACAO,DF,NÃO CONTRIBUINTE,2 - OPERAÇÃO INTERESTADUAL,1 - CONSUMIDOR FINAL,0 - NÃO SE APLICA,49,2023-E VOCE-2020,49019900,"Outros livros, brochuras e impressos semelhantes",6906,1.1,UNIDAD,3.83,4.21
24020100873450877388878780841809691589609966,55 - NF-E EMITIDA EM SUBSTITUIÇÃO AO MODELO 1 OU 1A,1,368082,RETORNO DE MATERIAL DEPOSITADO EM ARMAZEM GERAL,2024-02-05 12:02:01,34028316923228,EMPRES BRASILEIRA DE CORREIOS E TELEGRAFOS,112388853119,SP,CAJAMAR,378257000181,FUNDO NACIONAL DE DESENVOLVIMENTO DA EDUCACAO,DF,NÃO CONTRIBUINTE,2 - OPERAÇÃO INTERESTADUAL,1 - CONSUMIDOR FINAL,0 - NÃO SE APLICA,50,2023-PEDRO VIRA PORCO ESPINHO-2020,49019900,"Outros livros, brochuras e impressos semelhantes",6906,1.14,UNIDAD,3.63,4.14
24020100873450877388878780841809691589609966,55 - NF-E EMITIDA EM SUBSTITUIÇÃO AO MODELO 1 OU 1A,1,368082,RETORNO DE MATERIAL DEPOSITADO EM ARMAZEM GERAL,2024-02-05 12:02:01,34028316923228,EMPRES BRASILEIRA DE CORREIOS E TELEGRAFOS,112388853119,SP,CAJAMAR,378257000181,FUNDO NACIONAL DE DESENVOLVIMENTO DA EDUCACAO,DF,NÃO CONTRIBUINTE,2 - OPERAÇÃO INTERESTADUAL,1 - CONSUMIDOR FINAL,0 - NÃO SE APLICA,51,2023-BETINA QUERO-QUERO-2020,49019900,"Outros livros, brochuras e impressos semelhantes",6906,1.06,UNIDAD,10.12,10.73
24020104054616935751474991929670659909257828,55 - NF-E EMITIDA EM SUBSTITUIÇÃO AO MODELO 1 OU 1A,1,366295,RETORNO DE MATERIAL DEPOSITADO EM ARMAZEM GERAL,2024-02-04 04:19:39,34028316923228,EMPRES BRASILEIRA DE CORREIOS E TELEGRAFOS,112388853119,SP,CAJAMAR,378257000181,FUNDO NACIONAL DE DESENVOLVIMENTO DA EDUCACAO,DF,NÃO CONTRIBUINTE,2 - OPERAÇÃO INTERESTADUAL,1 - CONSUMIDOR FINAL,0 - NÃO SE APLICA,1,2023-JECA O TATU-2020,49019900,"Outros livros, brochuras e impressos semelhantes",6906,1.07,UNIDAD,4.56,4.88
24020104054616935751474991929670659909257828,55 - NF-E EMITIDA EM SUBSTITUIÇÃO AO MODELO 1 OU 1A,1,366295,RETORNO DE MATERIAL DEPOSITADO EM ARMAZEM GERAL,2024-02-04 04:19:39,34028316923228,EMPRES BRASILEIRA DE CORREIOS E TELEGRAFOS,112388853119,SP,CAJAMAR,378257000181,FUNDO NACIONAL DE DESENVOLVIMENTO DA EDUCACAO,DF,NÃO CONTRIBUINTE,2 - OPERAÇÃO INTERESTADUAL,1 - CONSUMIDOR FINAL,0 - NÃO SE APLICA,2,2023-A CASINHA DO TATU-2020,49019900,"Outros livros, brochuras e impressos semelhantes",6906,0.92,UNIDAD,5.15,4.74
24020104054616935751474991929670659909257828,55 - NF-E EMITIDA EM SUBSTITUIÇÃO AO MODELO 1 OU 1A,1,366295,RETORNO DE MATERIAL DEPOSITADO EM ARMAZEM GERAL,2024-02-04 04:19:39,34028316923228,EMPRES BRASILEIRA DE CORREIOS E TELEGRAFOS,112388853119,SP,CAJAMAR,378257000181,FUNDO NACIONAL DE DESENVOLVIMENTO DA EDUCACAO,DF,NÃO CONTRIBUINTE,2 - OPERAÇÃO INTERESTADUAL,1 - CONSUMIDOR FINAL,0 - NÃO SE APLICA,3,2023-GUIDO VAI A FAZENDA-2020,49019900,"Outros livros, brochuras e impressos semelhantes",6906,1.18,UNIDAD,11.42,13.48
24020104054616935751474991929670659909257828,55 - NF-E EMITIDA EM SUBSTITUIÇÃO AO MODELO 1 OU 1A,1,366295,RETORNO DE MATERIAL DEPOSITADO EM ARMAZEM GERAL,2024-02-04 04:19:39,34028316923228,EMPRES BRASILEIRA DE CORREIOS E TELEGRAFOS,112388853119,SP,CAJAMAR,378257000181,FUNDO NACIONAL DE DESENVOLVIMENTO DA EDUCACAO,DF,NÃO CONTRIBUINTE,2 - OPERAÇÃO INTERESTADUAL,1 - CONSUMIDOR FINAL,0 - NÃO SE APLICA,4,2023-A ULTIMA ARVORE DO MUNDO-2020,49019900,"Outros livros, brochuras e impressos semelhantes",6906,0.95,UNIDAD,6.02,5.72
24020104054616935751474991929670659909257828,55 - NF-E EMITIDA EM SUBSTITUIÇÃO AO MODELO 1 OU 1A,1,366295,RETORNO DE MATERIAL DEPOSITADO EM ARMAZEM GERAL,2024-02-04 04:19:39,34028316923228,EMPRES BRASILEIRA DE CORREIOS E TELEGRAFOS,112388853119,SP,CAJAMAR,378257000181,FUNDO NACIONAL DE DESENVOLVIMENTO DA EDUCACAO,DF,NÃO CONTRIBUINTE,2 - OPERAÇÃO INTERESTADUAL,1 - CONSUMIDOR FINAL,0 - NÃO SE APLICA,5,2023-UM AMOR DE CONFUSAO-2020,49019900,"Outros livros, brochuras e impressos semelhantes",6906,0.98,UNIDAD,4.14,4.06
24020104054616935751474991929670659909257828,55 - NF-E EMITIDA EM SUBSTITUIÇÃO AO MODELO 1 OU 1A,1,366295,RETORNO DE MATERIAL DEPOSITADO EM ARMAZEM GERAL,2024-02-04 04:19:39,34028316923228,EMPRES BRASILEIRA DE CORREIOS E TELEGRAFOS,112388853119,SP,CAJAMAR,378257000181,FUNDO NACIONAL DE DESENVOLVIMENTO DA EDUCACAO,DF,NÃO CONTRIBUINTE,2 - OPERAÇÃO INTERESTADUAL,1 - CONSUMIDOR FINAL,0 - NÃO SE APLICA,6,2023-A-2020,49019900,"Outros livros, brochuras e impressos semelhantes",6906,0.88,UNIDAD,6.06,5.33
24020104054616935751474991929670659909257828,55 - NF-E EMITIDA EM SUBSTITUIÇÃO AO MODELO 1 OU 1A,1,366295,RETORNO DE MATERIAL DEPOSITADO EM ARMAZEM GERAL,2024-02-04 04:19:39,34028316923228,EMPRES BRASILEIRA DE CORREIOS E TELEGRAFOS,112388853119,SP,CAJAMAR,378257000181,FUNDO NACIONAL DE DESENVOLVIMENTO DA EDUCACAO,DF,NÃO CONTRIBUINTE,2 - OPERAÇÃO INTERESTADUAL,1 - CONSUMIDOR FINAL,0 - NÃO SE APLICA,7,2023-O SEGREDO DEBAIXO DAS COISAS-2020,49019900,"Outros livros, brochuras e impressos semelhantes",6906,1.14,UNIDAD,5.58,6.36
24020104054616935751474991929670659909257828,55 - NF-E EMITIDA EM SUBSTITUIÇÃO AO MODELO 1 OU 1A,1,366295,RETORNO DE MATERIAL DEPOSITADO EM ARMAZEM GERAL,2024-02-04 04:19:39,34028316923228,EMPRES BRASILEIRA DE CORREIOS E TELEGRAFOS,112388853119,SP,CAJAMAR,378257000181,FUNDO NACIONAL DE DESENVOLVIMENTO DA EDUCACAO,DF,NÃO CONTRIBUINTE,2 - OPERAÇÃO INTERESTADUAL,1 - CONSUMIDOR FINAL,0 - NÃO SE APLICA,8,2023-CRIANDO CRACA-2020,49019900,"Outros livros, brochuras e impressos semelhantes",6906,0.93,UNIDAD,4.49,4.18
24020104054616935751474991929670659909257828,55 - NF-E EMITIDA EM SUBSTITUIÇÃO AO MODELO 1 OU 1A,1,366295,RETORNO DE MATERIAL DEPOSITADO EM ARMAZEM GERAL,2024-02-04 04:19:39,34028316923228,EMPRES BRASILEIRA DE CORREIOS E TELEGRAFOS,112388853119,SP,CAJAMAR,378257000181,FUNDO NACIONAL DE DESENVOLVIMENTO DA EDUCACAO,DF,NÃO CONTRIBUINTE,2 - OPERAÇÃO INTERESTADUAL,1 - CONSUMIDOR FINAL,0 - NÃO SE APLICA,9,2023-CACHINHOS CONCHINHAS FLORES E NINHOS-2020,49019900,"Outros livros, brochuras e impressos semelhantes",6906,0.9,UNIDAD,2.76,2.48
24020104054616935751474991929670659909257828,55 - NF-E EMITIDA EM SUBSTITUIÇÃO AO MODELO 1 OU 1A,1,366295,RETORNO DE MATERIAL DEPOSITADO EM ARMAZEM GERAL,2024-02-04 04:19:39,34028316923228,EMPRES BRASILEIRA DE CORREIOS E TELEGRAFOS,112388853119,SP,CAJAMAR,378257000181,FUNDO NACIONAL DE DESENVOLVIMENTO DA EDUCACAO,DF,NÃO CONTRIBUINTE,2 - OPERAÇÃO INTERESTADUAL,1 - CONSUMIDOR FINAL,0 - NÃO SE APLICA,10,2023-REVIRAVENTO-2020,49019900,"Outros livros, brochuras e impressos semelhantes",6906,0.86,UNIDAD,7.39,6.36
24020104054616935751474991929670659909257828,55 - NF-E EMITIDA EM SUBSTITUIÇÃO AO MODELO 1 OU 1A,1,366295,RETORNO DE MATERIAL DEPOSITADO EM ARMAZEM GERAL,2024-02-04 04:19:39,34028316923228,EMPRES BRASILEIRA DE CORREIOS E TELEGRAFOS,112388853119,SP,CAJAMAR,378257000181,FUNDO NACIONAL DE DESENVOLVIMENTO DA EDUCACAO,DF,NÃO CONTRIBUINTE,2 - OPERAÇÃO INTERESTADUAL,1 - CONSUMIDOR FINAL,0 - NÃO SE APLICA,11,2023-UMA HISTORIA-2020,49019900,"Outros livros, brochuras e impressos semelhantes",6906,0.96,UNIDAD,3.54,3.4
24020104054616935751474991929670659909257828,55 - NF-E EMITIDA EM SUBSTITUIÇÃO AO MODELO 1 OU 1A,1,366295,RETORNO DE MATERIAL DEPOSITADO EM ARMAZEM GERAL,2024-02-04 04:19:39,34028316923228,EMPRES BRASILEIRA DE CORREIOS E TELEGRAFOS,112388853119,SP,CAJAMAR,378257000181,FUNDO NACIONAL DE DESENVOLVIMENTO DA EDUCACAO,DF,NÃO CONTRIBUINTE,2 - OPERAÇÃO INTERESTADUAL,1 - CONSUMIDOR FINAL,0 - NÃO SE APLICA,12,2023-JEITO DE BICHO-2020,49019900,"Outros livros, brochuras e impressos semelhantes",6906,0.91,UNIDAD,6.45,5.87
24020104054616935751474991929670659909257828,55 - NF-E EMITIDA EM SUBSTITUIÇÃO AO MODELO 1 OU 1A,1,366295,RETORNO DE MATERIAL DEPOSITADO EM ARMAZEM GERAL,2024-02-04 04:19:39,34028316923228,EMPRES BRASILEIRA DE CORREIOS E TELEGRAFOS,112388853119,SP,CAJAMAR,378257000181,FUNDO NACIONAL DE DESENVOLVIMENTO DA EDUCACAO,DF,NÃO CONTRIBUINTE,2 - OPERAÇÃO INTERESTADUAL,1 - CONSUMIDOR FINAL,0 - NÃO SE APLICA,13,2023-CONVERSE-2020,49019900,"Outros livros, brochuras e impressos semelhantes",6906,0.87,UNIDAD,5.74,4.99
24020104054616935751474991929670659909257828,55 - NF-E EMITIDA EM SUBSTITUIÇÃO AO MODELO 1 OU 1A,1,366295,RETORNO DE MATERIAL DEPOSITADO EM ARMAZEM GERAL,2024-02-04 04:19:39,34028316923228,EMPRES BRASILEIRA DE CORREIOS E TELEGRAFOS,112388853119,SP,CAJAMAR,378257000181,FUNDO NACIONAL DE DESENVOLVIMENTO DA EDUCACAO,DF,NÃO CONTRIBUINTE,2 - OPERAÇÃO INTERESTADUAL,1 - CONSUMIDOR FINAL,0 - NÃO SE APLICA,14,2023-BOM DIA TODAS AS CORES-2020,49019900,"Outros livros, brochuras e impressos semelhantes",6906,1.16,UNIDAD,4.33,5.02
24020104054616935751474991929670659909257828,55 - NF-E EMITIDA EM SUBSTITUIÇÃO AO MODELO 1 OU 1A,1,366295,RETORNO DE MATERIAL DEPOSITADO EM ARMAZEM GERAL,2024-02-04 04:19:39,34028316923228,EMPRES BRASILEIRA DE CORREIOS E TELEGRAFOS,112388853119,SP,CAJAMAR,378257000181,FUNDO NACIONAL DE DESENVOLVIMENTO DA EDUCACAO,DF,NÃO CONTRIBUINTE,2 - OPERAÇÃO INTERESTADUAL,1 - CONSUMIDOR FINAL,0 - NÃO SE APLICA,15,2023-O MONSTRO DAS CORES-2020,49019900,"Outros livros, brochuras e impressos semelhantes",6906,0.9,UNIDAD,7.44,6.7
24020104054616935751474991929670659909257828,55 - NF-E EMITIDA EM SUBSTITUIÇÃO AO MODELO 1 OU 1A,1,366295,RETORNO DE MATERIAL DEPOSITADO EM ARMAZEM GERAL,2024-02-04 04:19:39,34028316923228,EMPRES BRASILEIRA DE CORREIOS E TELEGRAFOS,112388853119,SP,CAJAMAR,378257000181,FUNDO NACIONAL DE DESENVOLVIMENTO DA EDUCACAO,DF,NÃO CONTRIBUINTE,2 - OPERAÇÃO INTERESTADUAL,1 - CONSUMIDOR FINAL,0 - NÃO SE APLICA,16,2023-DEU ZEBRA NO ABC-2020,49019900,"Outros livros, brochuras e impressos semelhantes",6906,0.87,UNIDAD,5.49,4.78
24020104054616935751474991929670659909257828,55 - NF-E EMITIDA EM SUBSTITUIÇÃO AO MODELO 1 OU 1A,1,366295,RETORNO DE MATERIAL DEPOSITADO EM ARMAZEM GERAL,2024-02-04 04:19:39,34028316923228,EMPRES BRASILEIRA DE CORREIOS E TELEGRAFOS,112388853119,SP,CAJAMAR,378257000181,FUNDO NACIONAL DE DESENVOLVIMENTO DA EDUCACAO,DF,NÃO CONTRIBUINTE,2 - OPERAÇÃO INTERESTADUAL,1 - CONSUMIDOR FINAL,0 - NÃO SE APLICA,17,2023-SUPER-2020,49019900,"Outros livros, brochuras e impressos semelhantes",6906,0.84,UNIDAD,6.24,5.24
24020104054616935751474991929670659909257828,55 - NF-E EMITIDA EM SUBSTITUIÇÃO AO MODELO 1 OU 1A,1,366295,RETORNO DE MATERIAL DEPOSITADO EM ARMAZEM GERAL,2024-02-04 04:19:39,34028316923228,EMPRES BRASILEIRA DE CORREIOS E TELEGRAFOS,112388853119,SP,CAJAMAR,378257000181,FUNDO NACIONAL DE DESENVOLVIMENTO DA EDUCACAO,DF,NÃO CONTRIBUINTE,2 - OPERAÇÃO INTERESTADUAL,1 - CONSUMIDOR FINAL,0 - NÃO SE APLICA,18,2023-TODO MUNDO TEM-2020,49019900,"Outros livros, brochuras e impressos semelhantes",6906,0.84,UNIDAD,5.47,4.59
24020104054616935751474991929670659909257828,55 - NF-E EMITIDA EM SUBSTITUIÇÃO AO MODELO 1 OU 1A,1,366295,RETORNO DE MATERIAL DEPOSITADO EM ARMAZEM GERAL,2024-02-04 04:19:39,34028316923228,EMPRES BRASILEIRA DE CORREIOS E TELEGRAFOS,112388853119,SP,CAJAMAR,378257000181,FUNDO NACIONAL DE DESENVOLVIMENTO DA EDUCACAO,DF,NÃO CONTRIBUINTE,2 - OPERAÇÃO INTERESTADUAL,1 - CONSUMIDOR FINAL,0 - NÃO SE APLICA,19,2023-ORIE-2020,49019900,"Outros livros, brochuras e impressos semelhantes",6906,0.97,UNIDAD,3.55,3.44
24020104054616935751474991929670659909257828,55 - NF-E EMITIDA EM SUBSTITUIÇÃO AO MODELO 1 OU 1A,1,366295,RETORNO DE MATERIAL DEPOSITADO EM ARMAZEM GERAL,2024-02-04 04:19:39,34028316923228,EMPRES BRASILEIRA DE CORREIOS E TELEGRAFOS,112388853119,SP,CAJAMAR,378257000181,FUNDO NACIONAL DE DESENVOLVIMENTO DA EDUCACAO,DF,NÃO CONTRIBUINTE,2 - OPERAÇÃO INTERESTADUAL,1 - CONSUMIDOR FINAL,0 - NÃO SE APLICA,20,2023-CUCA QUAL E A COR DA SUA TOCA-2020,49019900,"Outros livros, brochuras e impressos semelhantes",6906,0.82,UNIDAD,5.99,4.91
24020104054616935751474991929670659909257828,55 - NF-E EMITIDA EM SUBSTITUIÇÃO AO MODELO 1 OU 1A,1,366295,RETORNO DE MATERIAL DEPOSITADO EM ARMAZEM GERAL,2024-02-04 04:19:39,34028316923228,EMPRES BRASILEIRA DE CORREIOS E TELEGRAFOS,112388853119,SP,CAJAMAR,378257000181,FUNDO NACIONAL DE DESENVOLVIMENTO DA EDUCACAO,DF,NÃO CONTRIBUINTE,2 - OPERAÇÃO INTERESTADUAL,1 - CONSUMIDOR FINAL,0 - NÃO SE APLICA,21,2023-ELMER O ELEFANTE XADREZ-2020,49019900,"Outros livros, brochuras e impressos semelhantes",6906,0.96,UNIDAD,7.12,6.84
24020104054616935751474991929670659909257828,55 - NF-E EMITIDA EM SUBSTITUIÇÃO AO MODELO 1 OU 1A,1,366295,RETORNO DE MATERIAL DEPOSITADO EM ARMAZEM GERAL,2024-02-04 04:19:39,34028316923228,EMPRES BRASILEIRA DE CORREIOS E TELEGRAFOS,112388853119,SP,CAJAMAR,378257000181,FUNDO NACIONAL DE DESENVOLVIMENTO DA EDUCACAO,DF,NÃO CONTRIBUINTE,2 - OPERAÇÃO INTERESTADUAL,1 - CONSUMIDOR FINAL,0 - NÃO SE APLICA,22,2023-O CAMINHAO-2020,49019900,"Outros livros, brochuras e impressos semelhantes",6906,0.83,UNIDAD,3.23,2.68
24020104054616935751474991929670659909257828,55 - NF-E EMITIDA EM SUBSTITUIÇÃO AO MODELO 1 OU 1A,1,366295,RETORNO DE MATERIAL DEPOSITADO EM ARMAZEM GERAL,2024-02-04 04:19:39,34028316923228,EMPRES BRASILEIRA DE CORREIOS E TELEGRAFOS,112388853119,SP,CAJAMAR,378257000181,FUNDO NACIONAL DE DESENVOLVIMENTO DA EDUCACAO,DF,NÃO CONTRIBUINTE,2 - OPERAÇÃO INTERESTADUAL,1 - CONSUMIDOR FINAL,0 - NÃO SE APLICA,23,2023-OTTO E A TINA-2020,49019900,"Outros livros, brochuras e impressos semelhantes",6906,1.11,UNIDAD,7.63,8.47
24020103837773296931471992285542479686539550,55 - NF-E EMITIDA EM SUBSTITUIÇÃO AO MODELO 1 OU 1A,2,728511,OUTRAS SAIDAS,2024-02-05 20:14:50,34164319000506,CASA DA MOEDA DO BRASIL,82346988,RJ,RIO DE JANEIRO,394494003585,MINISTERIO DA JUSTICA E SEGURANCA PUBLICA,RJ,NÃO CONTRIBUINTE,1 - OPERAÇÃO INTERNA,1 - CONSUMIDOR FINAL,0 - NÃO SE APLICA,1,PERSONALIZACAO NOVO PASSAPORTE BRASILEIRO PACOM DPF 32 PAG.,49119900,Outros impressos,5949,0.08,MI,174194.35,13935.55
24020197286945799143946785628700762421824655,55 - NF-E EMITIDA EM SUBSTITUIÇÃO AO MODELO 1 OU 1A,1,3386,VENDA,2024-02-15 14:28:10,78796778000146,G DE BORBA - MARISKAP,1016202980,PR,CURITIBA,394429005927,COMANDO DA AERONAUTICA,DF,NÃO CONTRIBUINTE,2 - OPERAÇÃO INTERESTADUAL,1 - CONSUMIDOR FINAL,0 - NÃO SE APLICA,1,TAPETE PERSONALIZADO 2.00X1.00,57050000,"Outros tapetes e revestimentos para pisos (pavimentos), de matérias têxteis, mesmo confeccionados",6102,1.64,UNIDAD,398.77,653.98
24020197286945799143946785628700762421824655,55 - NF-E EMITIDA EM SUBSTITUIÇÃO AO MODELO 1 OU 1A,1,3386,VENDA,2024-02-15 14:28:10,78796778000146,G DE BORBA - MARISKAP,1016202980,PR,CURITIBA,394429005927,COMANDO DA AERONAUTICA,DF,NÃO CONTRIBUINTE,2 - OPERAÇÃO INTERESTADUAL,1 - CONSUMIDOR FINAL,0 - NÃO SE APLICA,2,TAPETE PERSONALIZADO 2.00X1.00,57050000,"Outros tapetes e revestimentos para pisos (pavimentos), de matérias têxteis, mesmo confeccionados",6102,8.98,UNIDAD,208.09,1868.65
24020197286945799143946785628700762421824655,55 - NF-E EMITIDA EM SUBSTITUIÇÃO AO MODELO 1 OU 1A,1,3386,VENDA,2024-02-15 14:28:10,78796778000146,G DE BORBA - MARISKAP,1016202980,PR,CURITIBA,394429005927,COMANDO DA AERONAUTICA,DF,NÃO CONTRIBUINTE,2 - OPERAÇÃO INTERESTADUAL,1 - CONSUMIDOR FINAL,0 - NÃO SE APLICA,3,TAPETE PERSONALIZADO 2.00X1.00,57050000,"Outros tapetes e revestimentos para pisos (pavimentos), de matérias têxteis, mesmo confeccionados",6102,2.09,UNIDAD,173.73,363.1
24020197286945799143946785628700762421824655,55 - NF-E EMITIDA EM SUBSTITUIÇÃO AO MODELO 1 OU 1A,1,3386,VENDA,2024-02-15 14:28:10,78796778000146,G DE BORBA - MARISKAP,1016202980,PR,CURITIBA,394429005927,COMANDO DA AERONAUTICA,DF,NÃO CONTRIBUINTE,2 - OPERAÇÃO INTERESTADUAL,1 - CONSUMIDOR FINAL,0 - NÃO SE APLICA,4,TAPETE PERSONALIZADO 2.00X1.00,57050000,"Outros tapetes e revestimentos para pisos (pavimentos), de matérias têxteis, mesmo confeccionados",6102,8.4,UNIDAD,51.57,433.19
24020158650284315121394279645118850902727523,55 - NF-E EMITIDA EM SUBSTITUIÇÃO AO MODELO 1 OU 1A,1,10849,Remessa de mercadoria em consignacao mercantil ou industrial,2024-02-14 10:47:38,23651234000102,ARTE IMPLANTES MATERIAIS CIRURGICOS LTDA,153595339115,SP,SAO PAULO,10360293000252,HOSPITAL MILITAR DE AREA DE PORTO ALEGRE,RS,NÃO CONTRIBUINTE,2 - OPERAÇÃO INTERESTADUAL,1 - CONSUMIDOR FINAL,"9 - OPERAÇÃO NÃO PRESENCIAL, OUTROS",1,"RS 42 13 ST Canula de Microdebridacao Exxocut RS 4,2 mm x 13 mm Lote: 2492/1123 x1 Val: 07/11/2026 MS: 80743230026",90183929,"Outras sondas, catéteres e cânulas",6917,0.85,UNIDAD,283.95,241.36
24020158650284315121394279645118850902727523,55 - NF-E EMITIDA EM SUBSTITUIÇÃO AO MODELO 1 OU 1A,1,10849,Remessa de mercadoria em consignacao mercantil ou industrial,2024-02-14 10:47:38,23651234000102,ARTE IMPLANTES MATERIAIS CIRURGICOS LTDA,153595339115,SP,SAO PAULO,10360293000252,HOSPITAL MILITAR DE AREA DE PORTO ALEGRE,RS,NÃO CONTRIBUINTE,2 - OPERAÇÃO INTERESTADUAL,1 - CONSUMIDOR FINAL,"9 - OPERAÇÃO NÃO PRESENCIAL, OUTROS",2,IN 42 13 ST Canula de Microdebridacao Exxocult Encaixe Stryker Lote: 2588/1123 x1 Val: 23/11/2026 MS: 80743230026,90183929,"Outras sondas, catéteres e cânulas",6917,1.11,UNIDAD,277.4,307.91
24020158650284315121394279645118850902727523,55 - NF-E EMITIDA EM SUBSTITUIÇÃO AO MODELO 1 OU 1A,1,10849,Remessa de mercadoria em consignacao mercantil ou industrial,2024-02-14 10:47:38,23651234000102,ARTE IMPLANTES MATERIAIS CIRURGICOS LTDA,153595339115,SP,SAO PAULO,10360293000252,HOSPITAL MILITAR DE AREA DE PORTO ALEGRE,RS,NÃO CONTRIBUINTE,2 - OPERAÇÃO INTERESTADUAL,1 - CONSUMIDOR FINAL,"9 - OPERAÇÃO NÃO PRESENCIAL, OUTROS",3,EQP 02 LV 00 Equipo Circulacao Assistida para Artroscopia LV Lote: 2053/0823 x1 Val: 01/08/2026 MS: 80743230002,90189099,"Outros instrumentos e aparelhos para medicina, cirurgia, etc",6917,0.87,UNIDAD,285.59,248.46
24020158650284315121394279645118850902727523,55 - NF-E EMITIDA EM SUBSTITUIÇÃO AO MODELO 1 OU 1A,1,10849,Remessa de mercadoria em consignacao mercantil ou industrial,2024-02-14 10:47:38,23651234000102,ARTE IMPLANTES MATERIAIS CIRURGICOS LTDA,153595339115,SP,SAO PAULO,10360293000252,HOSPITAL MILITAR DE AREA DE PORTO ALEGRE,RS,NÃO CONTRIBUINTE,2 - OPERAÇÃO INTERESTADUAL,1 - CONSUMIDOR FINAL,"9 - OPERAÇÃO NÃO PRESENCIAL, OUTROS",4,0302030-000 Placa E-Button Ultra Lote: 24545S x1 Val: 22/11/2028 MS: 80083650080,90211020,Artigos e aparelhos para fraturas,6917,1.14,UNIDAD,1159.17,1321.45
24020158650284315121394279645118850902727523,55 - NF-E EMITIDA EM SUBSTITUIÇÃO AO MODELO 1 OU 1A,1,10849,Remessa de mercadoria em consignacao mercantil ou industrial,2024-02-14 10:47:38,23651234000102,ARTE IMPLANTES MATERIAIS CIRURGICOS LTDA,153595339115,SP,SAO PAULO,10360293000252,HOSPITAL MILITAR DE AREA DE PORTO ALEGRE,RS,NÃO CONTRIBUINTE,2 - OPERAÇÃO INTERESTADUAL,1 - CONSUMIDOR FINAL,"9 - OPERAÇÃO NÃO PRESENCIAL, OUTROS",5,MR004C Dispositivo de Reparo Meniscal Lote: 1320870 x3 Val: 19/06/2028 MS: 81544220043,90189099,"Outros instrumentos e aparelhos para medicina, cirurgia, etc",6917,3.36,UNIDAD,3039.36,10212.25
24020158650284315121394279645118850902727523,55 - NF-E EMITIDA EM SUBSTITUIÇÃO AO MODELO 1 OU 1A,1,10849,Remessa de mercadoria em consignacao mercantil ou industrial,2024-02-14 10:47:38,23651234000102,ARTE IMPLANTES MATERIAIS CIRURGICOS LTDA,153595339115,SP,SAO PAULO,10360293000252,HOSPITAL MILITAR DE AREA DE PORTO ALEGRE,RS,NÃO CONTRIBUINTE,2 - OPERAÇÃO INTERESTADUAL,1 - CONSUMIDOR FINAL,"9 - OPERAÇÃO NÃO PRESENCIAL, OUTROS",6,IK730620NG Parafuso Bioabsorvivel 6 L 20 Rockscrew Lote: 7322309 x2 Val: 30/09/2027 MS: 81207910019,90213190,Outras próteses articulares,6917,2.37,UNIDAD,749.23,1775.68
24020158650284315121394279645118850902727523,55 - NF-E EMITIDA EM SUBSTITUIÇÃO AO MODELO 1 OU 1A,1,10849,Remessa de mercadoria em consignacao mercantil ou industrial,2024-02-14 10:47:38,23651234000102,ARTE IMPLANTES MATERIAIS CIRURGICOS LTDA,153595339115,SP,SAO PAULO,10360293000252,HOSPITAL MILITAR DE AREA DE PORTO ALEGRE,RS,NÃO CONTRIBUINTE,2 - OPERAÇÃO INTERESTADUAL,1 - CONSUMIDOR FINAL,"9 - OPERAÇÃO NÃO PRESENCIAL, OUTROS",7,"IK730724NG Parafuso Bioabsorvivel 7 L 24 Rockscrew Lote: 7322451 x1 Val: 31/12/2027, Lote: 7323082 x1 Val: 29/02/2028",90211020,Artigos e aparelhos para fraturas,6917,1.89,UNIDAD,803.9,1519.37
24020158650284315121394279645118850902727523,55 - NF-E EMITIDA EM SUBSTITUIÇÃO AO MODELO 1 OU 1A,1,10849,Remessa de mercadoria em consignacao mercantil ou industrial,2024-02-14 10:47:38,23651234000102,ARTE IMPLANTES MATERIAIS CIRURGICOS LTDA,153595339115,SP,SAO PAULO,10360293000252,HOSPITAL MILITAR DE AREA DE PORTO ALEGRE,RS,NÃO CONTRIBUINTE,2 - OPERAÇÃO INTERESTADUAL,1 - CONSUMIDOR FINAL,"9 - OPERAÇÃO NÃO PRESENCIAL, OUTROS",8,"IK730730NG Parafuso Bioabsorvivel 7 L 30 Rockscrew Lote: 7322304 x1 Val: 31/08/2027, Lote: 7323155 x1 Val: 30/04/2028",90213190,Outras próteses articulares,6917,2.13,UNIDAD,899.99,1916.98
24020158650284315121394279645118850902727523,55 - NF-E EMITIDA EM SUBSTITUIÇÃO AO MODELO 1 OU 1A,1,10849,Remessa de mercadoria em consignacao mercantil ou industrial,2024-02-14 10:47:38,23651234000102,ARTE IMPLANTES MATERIAIS CIRURGICOS LTDA,153595339115,SP,SAO PAULO,10360293000252,HOSPITAL MILITAR DE AREA DE PORTO ALEGRE,RS,NÃO CONTRIBUINTE,2 - OPERAÇÃO INTERESTADUAL,1 - CONSUMIDOR FINAL,"9 - OPERAÇÃO NÃO PRESENCIAL, OUTROS",9,IK730824NG Parafuso Bioabsorvivel 8 L 24 Rockscrew Lote: 7323084 x2 Val: 29/02/2028 MS: 81207910019,90213190,Outras próteses articulares,6917,2.24,UNIDAD,819.65,1836.02
24020158650284315121394279645118850902727523,55 - NF-E EMITIDA EM SUBSTITUIÇÃO AO MODELO 1 OU 1A,1,10849,Remessa de mercadoria em consignacao mercantil ou industrial,2024-02-14 10:47:38,23651234000102,ARTE IMPLANTES MATERIAIS CIRURGICOS LTDA,153595339115,SP,SAO PAULO,10360293000252,HOSPITAL MILITAR DE AREA DE PORTO ALEGRE,RS,NÃO CONTRIBUINTE,2 - OPERAÇÃO INTERESTADUAL,1 - CONSUMIDOR FINAL,"9 - OPERAÇÃO NÃO PRESENCIAL, OUTROS",10,IK730830NG Parafuso Bioabsorvivel 8 L 30 Rockscrew Lote: 7322334 x2 Val: 31/10/2027 MS: 81207910019,90211020,Artigos e aparelhos para fraturas,6917,1.69,UNIDAD,801.53,1354.59
24020158650284315121394279645118850902727523,55 - NF-E EMITIDA EM SUBSTITUIÇÃO AO MODELO 1 OU 1A,1,10849,Remessa de mercadoria em consignacao mercantil ou industrial,2024-02-14 10:47:38,23651234000102,ARTE IMPLANTES MATERIAIS CIRURGICOS LTDA,153595339115,SP,SAO PAULO,10360293000252,HOSPITAL MILITAR DE AREA DE PORTO ALEGRE,RS,NÃO CONTRIBUINTE,2 - OPERAÇÃO INTERESTADUAL,1 - CONSUMIDOR FINAL,"9 - OPERAÇÃO NÃO PRESENCIAL, OUTROS",11,IK730924NG Parafuso Bioabsorvivel 9 L 24 Rockscrew Lote: 7323158 x2 Val: 30/04/2028 MS: 81207910019,90213190,Outras próteses articulares,6917,2.32,UNIDAD,814.03,1888.55
24020158650284315121394279645118850902727523,55 - NF-E EMITIDA EM SUBSTITUIÇÃO AO MODELO 1 OU 1A,1,10849,Remessa de mercadoria em consignacao mercantil ou industrial,2024-02-14 10:47:38,23651234000102,ARTE IMPLANTES MATERIAIS CIRURGICOS LTDA,153595339115,SP,SAO PAULO,10360293000252,HOSPITAL MILITAR DE AREA DE PORTO ALEGRE,RS,NÃO CONTRIBUINTE,2 - OPERAÇÃO INTERESTADUAL,1 - CONSUMIDOR FINAL,"9 - OPERAÇÃO NÃO PRESENCIAL, OUTROS",12,IK730930NG Parafuso Bioabsorvivel 9 L 30 Rockscrew Lote: 7323086 x2 Val: 31/03/2028 MS: 81207910019,90213190,Outras próteses articulares,6917,2.27,UNIDAD,823.59,1869.55
24020158650284315121394279645118850902727523,55 - NF-E EMITIDA EM SUBSTITUIÇÃO AO MODELO 1 OU 1A,1,10849,Remessa de mercadoria em consignacao mercantil ou industrial,2024-02-14 10:47:38,23651234000102,ARTE IMPLANTES MATERIAIS CIRURGICOS LTDA,153595339115,SP,SAO PAULO,10360293000252,HOSPITAL MILITAR DE AREA DE PORTO ALEGRE,RS,NÃO CONTRIBUINTE,2 - OPERAÇÃO INTERESTADUAL,1 - CONSUMIDOR FINAL,"9 - OPERAÇÃO NÃO PRESENCIAL, OUTROS",13,IK731030NG Parafuso Bioabsorvivel 10 L 30 Rockscrew Lote: 7323087 x2 Val: 31/03/2028 MS: 81207910019,90211020,Artigos e aparelhos para fraturas,6917,2.11,UNIDAD,989.27,2087.36
24020158650284315121394279645118850902727523,55 - NF-E EMITIDA EM SUBSTITUIÇÃO AO MODELO 1 OU 1A,1,10849,Remessa de mercadoria em consignacao mercantil ou industrial,2024-02-14 10:47:38,23651234000102,ARTE IMPLANTES MATERIAIS CIRURGICOS LTDA,153595339115,SP,SAO PAULO,10360293000252,HOSPITAL MILITAR DE AREA DE PORTO ALEGRE,RS,NÃO CONTRIBUINTE,2 - OPERAÇÃO INTERESTADUAL,1 - CONSUMIDOR FINAL,"9 - OPERAÇÃO NÃO PRESENCIAL, OUTROS",14,IK731135NG Parafuso Bioabsorvivel 11 L 35 Rockscrew Lote: 7322336 x2 Val: 31/10/2027 MS: 81207910019,90211020,Artigos e aparelhos para fraturas,6917,2.26,UNIDAD,676.96,1529.93
24020158650284315121394279645118850902727523,55 - NF-E EMITIDA EM SUBSTITUIÇÃO AO MODELO 1 OU 1A,1,10849,Remessa de mercadoria em consignacao mercantil ou industrial,2024-02-14 10:47:38,23651234000102,ARTE IMPLANTES MATERIAIS CIRURGICOS LTDA,153595339115,SP,SAO PAULO,10360293000252,HOSPITAL MILITAR DE AREA DE PORTO ALEGRE,RS,NÃO CONTRIBUINTE,2 - OPERAÇÃO INTERESTADUAL,1 - CONSUMIDOR FINAL,"9 - OPERAÇÃO NÃO PRESENCIAL, OUTROS",15,CAP SH 90 200 Caneta para Ablacao Radiofrequencia Shell Lote: 2279/0923 x1 Val: 27/09/2026 MS: 80743230025,90183929,"Outras sondas, catéteres e cânulas",6917,1.04,UNIDAD,1084.88,1128.28
24020158650284315121394279645118850902727523,55 - NF-E EMITIDA EM SUBSTITUIÇÃO AO MODELO 1 OU 1A,1,10849,Remessa de mercadoria em consignacao mercantil ou industrial,2024-02-14 10:47:38,23651234000102,ARTE IMPLANTES MATERIAIS CIRURGICOS LTDA,153595339115,SP,SAO PAULO,10360293000252,HOSPITAL MILITAR DE AREA DE PORTO ALEGRE,RS,NÃO CONTRIBUINTE,2 - OPERAÇÃO INTERESTADUAL,1 - CONSUMIDOR FINAL,"9 - OPERAÇÃO NÃO PRESENCIAL, OUTROS",16,RB 40 13 ST Canula de Microdebridacao Exxocut RB 40 13 ST Lote: 2536/1123 x1 Val: 15/11/2026 MS: 80743230026,90183929,"Outras sondas, catéteres e cânulas",6917,0.96,UNIDAD,238.47,228.93
